{
  "timestamp": "2026-02-10T17:39:30.120636",
  "phase": "Experiment 09 - Fusion Experiments (prediction-level)",
  "input": {
    "predictions_parquet": "/Volumes/My Drive/Priyodip/college notes and stuff/sem6/research work/implemnetation/chikungunya-early-warning/results/analysis/lead_time_predictions_p75.parquet",
    "probability_threshold": 0.5
  },
  "strategies": {
    "gated_decision": "Use Bayesian P(Z>q) when high risk, else XGBoost",
    "weighted_ensemble": "Weighted combination of probabilities"
  },
  "aggregated": {
    "gated_decision": {
      "auc_mean": 0.789695137314185,
      "auc_std": 0.14863359994099054,
      "aupr_mean": 0.7940028754314469,
      "aupr_std": 0.15756886582216584,
      "precision_mean": 0.6666666666666666,
      "precision_std": 0.2568505834570407,
      "recall_mean": 0.7343915343915345,
      "recall_std": 0.11879220101353426,
      "f1_mean": 0.6897938662644546,
      "f1_std": 0.19649309648981672,
      "kappa_mean": 0.4406581023213883,
      "kappa_std": 0.3120123215920047,
      "brier_mean": 0.20513770793230254,
      "brier_std": 0.10427433207775022
    },
    "weighted_ensemble": {
      "auc_mean": 0.8718820861678006,
      "auc_std": 0.07091985518111237,
      "aupr_mean": 0.8953350588271224,
      "aupr_std": 0.0756076123514197,
      "precision_mean": 0.9444444444444445,
      "precision_std": 0.0785674201318386,
      "recall_mean": 0.6973544973544974,
      "recall_std": 0.07355829501368369,
      "f1_mean": 0.798076923076923,
      "f1_std": 0.05495650063936617,
      "kappa_mean": 0.6538556294653856,
      "kappa_std": 0.01280629851526686,
      "brier_mean": 0.14814944057097035,
      "brier_std": 0.022568679835222823
    }
  },
  "fold_results": [
    {
      "fold": "fold_2017",
      "n_rows": 68,
      "strategies": {
        "gated_decision": {
          "strategy": "gated_decision",
          "gate_threshold": 0.8,
          "risk_quantile": 0.8,
          "bayes_usage_rate": 0.16666666666666666,
          "metrics": {
            "auc": 0.962962962962963,
            "aupr": 0.9888888888888892,
            "precision": 1.0,
            "recall": 0.8888888888888888,
            "f1": 0.9411764705882353,
            "kappa": 0.8,
            "brier": 0.10511770469307559
          }
        },
        "weighted_ensemble": {
          "strategy": "weighted_ensemble",
          "alpha_grid": [
            0.0,
            0.2,
            0.4,
            0.5,
            0.6,
            0.8,
            1.0
          ],
          "results": [
            {
              "alpha": 0.0,
              "metrics": {
                "auc": 0.888888888888889,
                "aupr": 0.9674523007856344,
                "precision": 1.0,
                "recall": 0.7777777777777778,
                "f1": 0.875,
                "kappa": 0.6363636363636364,
                "brier": 0.15958370331531185
              }
            },
            {
              "alpha": 0.2,
              "metrics": {
                "auc": 0.888888888888889,
                "aupr": 0.9674523007856344,
                "precision": 1.0,
                "recall": 0.5555555555555556,
                "f1": 0.7142857142857143,
                "kappa": 0.3846153846153846,
                "brier": 0.18413693395835473
              }
            },
            {
              "alpha": 0.4,
              "metrics": {
                "auc": 0.8518518518518519,
                "aupr": 0.9535634118967453,
                "precision": 1.0,
                "recall": 0.5555555555555556,
                "f1": 0.7142857142857143,
                "kappa": 0.3846153846153846,
                "brier": 0.2286972176785578
              }
            },
            {
              "alpha": 0.5,
              "metrics": {
                "auc": 0.8148148148148149,
                "aupr": 0.9459876543209877,
                "precision": 1.0,
                "recall": 0.3333333333333333,
                "f1": 0.5,
                "kappa": 0.19999999999999996,
                "brier": 0.25848000444259445
              }
            },
            {
              "alpha": 0.6,
              "metrics": {
                "auc": 0.7037037037037037,
                "aupr": 0.9094356261022929,
                "precision": 1.0,
                "recall": 0.3333333333333333,
                "f1": 0.5,
                "kappa": 0.19999999999999996,
                "brier": 0.2932645544759211
              }
            },
            {
              "alpha": 0.8,
              "metrics": {
                "auc": 0.40740740740740744,
                "aupr": 0.8076599326599327,
                "precision": 1.0,
                "recall": 0.3333333333333333,
                "f1": 0.5,
                "kappa": 0.19999999999999996,
                "brier": 0.3778389443504447
              }
            },
            {
              "alpha": 1.0,
              "metrics": {
                "auc": 0.3333333333333333,
                "aupr": 0.7847883597883598,
                "precision": 1.0,
                "recall": 0.3333333333333333,
                "f1": 0.5,
                "kappa": 0.19999999999999996,
                "brier": 0.48242038730212844
              }
            }
          ],
          "best_alpha": 0.0,
          "best_metrics": {
            "auc": 0.888888888888889,
            "aupr": 0.9674523007856344,
            "precision": 1.0,
            "recall": 0.7777777777777778,
            "f1": 0.875,
            "kappa": 0.6363636363636364,
            "brier": 0.15958370331531185
          },
          "risk_quantile": 0.8
        }
      }
    },
    {
      "fold": "fold_2019",
      "n_rows": 76,
      "strategies": {
        "gated_decision": {
          "strategy": "gated_decision",
          "gate_threshold": 0.8,
          "risk_quantile": 0.8,
          "bayes_usage_rate": 0.19047619047619047,
          "metrics": {
            "auc": 0.8061224489795918,
            "aupr": 0.7901360544217686,
            "precision": 0.625,
            "recall": 0.7142857142857143,
            "f1": 0.6666666666666666,
            "kappa": 0.48275862068965514,
            "brier": 0.16130367026646023
          }
        },
        "weighted_ensemble": {
          "strategy": "weighted_ensemble",
          "alpha_grid": [
            0.0,
            0.2,
            0.4,
            0.5,
            0.6,
            0.8,
            1.0
          ],
          "results": [
            {
              "alpha": 0.0,
              "metrics": {
                "auc": 0.826530612244898,
                "aupr": 0.8306122448979592,
                "precision": 0.6666666666666666,
                "recall": 0.5714285714285714,
                "f1": 0.6153846153846154,
                "kappa": 0.4444444444444444,
                "brier": 0.15005434404828624
              }
            },
            {
              "alpha": 0.2,
              "metrics": {
                "auc": 0.8673469387755102,
                "aupr": 0.8431122448979591,
                "precision": 0.8,
                "recall": 0.5714285714285714,
                "f1": 0.6666666666666666,
                "kappa": 0.5384615384615384,
                "brier": 0.12633103065646173
              }
            },
            {
              "alpha": 0.4,
              "metrics": {
                "auc": 0.9489795918367347,
                "aupr": 0.9276437847866419,
                "precision": 0.8333333333333334,
                "recall": 0.7142857142857143,
                "f1": 0.7692307692307693,
                "kappa": 0.6666666666666667,
                "brier": 0.11662608532010685
              }
            },
            {
              "alpha": 0.5,
              "metrics": {
                "auc": 0.9183673469387755,
                "aupr": 0.8599567099567098,
                "precision": 1.0,
                "recall": 0.42857142857142855,
                "f1": 0.6,