{
  "timestamp": "2026-02-08T00:20:02.034190",
  "model": "bayesian_state_space",
  "model_version": "v3",
  "phase": "Phase 5: Rolling-Origin CV Evaluation",
  "mcmc_config": {
    "n_warmup": 1000,
    "n_samples": 1000,
    "n_chains": 4,
    "adapt_delta": 0.95,
    "seed": 42
  },
  "aggregated": {
    "n_folds": 6,
    "n_failed": 0,
    "auc_mean": 0.5147134611420325,
    "auc_std": 0.2088193860361163,
    "f1_mean": 0.06060606060606061,
    "f1_std": 0.13551927136362363,
    "sensitivity_mean": 0.047619047619047616,
    "sensitivity_std": 0.10647942749998998,
    "specificity_mean": 0.9761904761904763,
    "specificity_std": 0.05323971374999501,
    "brier_mean": 0.2528518912672975,
    "brier_std": 0.15523178312525093
  },
  "fold_results": [
    {
      "fold": "fold_2017",
      "test_year": 2017,
      "n_train": 418,
      "n_test": 11,
      "n_positive": 8,
      "n_negative": 3,
      "threshold": 48.75,
      "metrics": {
        "auc": 0.2916666666666667,
        "f1": 0.0,
        "sensitivity": 0.0,
        "specificity": 1.0,
        "brier": 0.5365871875,
        "precision": 0.0,
        "false_alarm_rate": 0.0
      },
      "diagnostics": {
        "n_divergences": 1,
        "max_rhat": 1.02216,
        "min_ess_bulk": 210.148,
        "min_ess_tail": 520.863,
        "parameter_summary": {
          "mu_alpha": {
            "mean": 3.61254,
            "std": 0.0831864,
            "rhat": 1.00643,
            "ess_bulk": 1019.28
          },
          "sigma_alpha": {
            "mean": 0.686875,
            "std": 0.0959648,
            "rhat": 1.01094,
            "ess_bulk": 380.962
          },
          "rho": {
            "mean": 0.538166,
            "std": 0.0904796,
            "rhat": 1.00743,
            "ess_bulk": 660.655
          },
          "beta_temp": {
            "mean": 0.0142304,
            "std": 0.0238569,
            "rhat": 1.001,
            "ess_bulk": 3072.92
          },
          "sigma": {
            "mean": 0.478077,
            "std": 0.0920094,
            "rhat": 1.02216,
            "ess_bulk": 210.148
          },
          "phi": {
            "mean": 2.80457,
            "std": 0.431318,
            "rhat": 1.01625,
            "ess_bulk": 286.115
          }
        }
      }
    },
    {
      "fold": "fold_2018",
      "test_year": 2018,
      "n_train": 481,
      "n_test": 18,
      "n_positive": 7,
      "n_negative": 11,
      "threshold": 47.0,
      "metrics": {
        "auc": 0.8896103896103896,
        "f1": 0.0,
        "sensitivity": 0.0,
        "specificity": 1.0,
        "brier": 0.2371173125,
        "precision": 0.0,
        "false_alarm_rate": 0.0
      },
      "diagnostics": {
        "n_divergences": 1,
        "max_rhat": 1.01452,
        "min_ess_bulk": 228.125,
        "min_ess_tail": 515.968,
        "parameter_summary": {
          "mu_alpha": {
            "mean": 3.57278,
            "std": 0.0746391,
            "rhat": 1.00134,
            "ess_bulk": 753.276
          },
          "sigma_alpha": {
            "mean": 0.609156,
            "std": 0.089162,
            "rhat": 1.00404,
            "ess_bulk": 433.556
          },
          "rho": {
            "mean": 0.501634,
            "std": 0.0834002,
            "rhat": 1.00757,
            "ess_bulk": 506.986
          },
          "beta_temp": {
            "mean": 0.0307592,
            "std": 0.0214518,
            "rhat": 0.999928,
            "ess_bulk": 2115.42
          },
          "sigma": {
            "mean": 0.530607,
            "std": 0.0777294,
            "rhat": 1.01414,
            "ess_bulk": 229.86
          },
          "phi": {
            "mean": 3.19597,
            "std": 0.527839,
            "rhat": 1.01452,
            "ess_bulk": 228.125
          }
        }
      }
    },
    {
      "fold": "fold_2019",
      "test_year": 2019,
      "n_train": 555,
      "n_test": 21,
      "n_positive": 7,
      "n_negative": 14,
      "threshold": 45.0,
      "metrics": {
        "auc": 0.47959183673469385,
        "f1": 0.36363636363636365,
        "sensitivity": 0.2857142857142857,
        "specificity": 0.8571428571428571,
        "brier": 0.2604329047619048,
        "precision": 0.5,
        "false_alarm_rate": 0.5
      },
      "diagnostics": {
        "n_divergences": 1,
        "max_rhat": 1.02756,
        "min_ess_bulk": 189.738,
        "min_ess_tail": 489.433,
        "parameter_summary": {
          "mu_alpha": {
            "mean": 3.55394,
            "std": 0.0708745,
            "rhat": 1.00559,
            "ess_bulk": 1162.49
          },
          "sigma_alpha": {
            "mean": 0.591058,
            "std": 0.0806609,
            "rhat": 1.01359,
            "ess_bulk": 351.342
          },
          "rho": {
            "mean": 0.485405,
            "std": 0.082393,
            "rhat": 1.01228,
            "ess_bulk": 513.976
          },
          "beta_temp": {
            "mean": 0.0236925,
            "std": 0.0190644,
            "rhat": 1.0029,
            "ess_bulk": 2208.73
          },
          "sigma": {
            "mean": 0.513786,
            "std": 0.0724657,
            "rhat": 1.02756,
            "ess_bulk": 189.738
          },
          "phi": {
            "mean": 3.44678,
            "std": 0.570001,
            "rhat": 1.01943,
            "ess_bulk": 235.717
          }
        }
      }
    },
    {
      "fold": "fold_2020",
      "test_year": 2020,
      "n_train": 626,
      "n_test": 9,
      "n_positive": 2,
      "n_negative": 7,
      "threshold": 45.0,
      "metrics": {
        "auc": 0.35714285714285715,
        "f1": 0.0,
        "sensitivity": 0.0,
        "specificity": 1.0,
        "brier": 0.20934654861111113,
        "precision": 0.0,
        "false_alarm_rate": 0.0
      },
      "diagnostics": {
        "n_divergences": 1,
        "max_rhat": 1.01556,
        "min_ess_bulk": 333.744,
        "min_ess_tail": 889.067,
        "parameter_summary": {
          "mu_alpha": {
            "mean": 3.53227,
            "std": 0.066018,
            "rhat": 1.00429,
            "ess_bulk": 1552.75
          },
          "sigma_alpha": {
            "mean": 0.596709,
            "std": 0.0712028,
            "rhat": 1.00191,
            "ess_bulk": 865.891
          },
          "rho": {
            "mean": 0.467564,
            "std": 0.080503,
            "rhat": 1.00566,
            "ess_bulk": 655.534
          },
          "beta_temp": {
            "mean": 0.0154498,
            "std": 0.0181045,
            "rhat": 1.00182,
            "ess_bulk": 4448.34
          },
          "sigma": {
            "mean": 0.501606,
            "std": 0.0625274,
            "rhat": 1.01556,
            "ess_bulk": 333.744
          },
          "phi": {
            "mean": 3.57749,
            "std": 0.52862,
            "rhat": 1.01304,
            "ess_bulk": 371.996
          }
        }
      }
    },
    {
      "fold": "fold_2021",
      "test_year": 2021,
      "n_train": 647,
      "n_test": 13,
      "n_positive": 4,
      "n_negative": 9,
      "threshold": 44.0,
      "metrics": {
        "auc": 0.5555555555555556,
        "f1": 0.0,
        "sensitivity": 0.0,
        "specificity": 1.0,
        "brier": 0.26900339423076913,
        "precision": 0.0,
        "false_alarm_rate": 0.0
      },
      "diagnostics": {
        "n_divergences": 1,
        "max_rhat": 1.04417,
        "min_ess_bulk": 152.036,
        "min_ess_tail": 384.053,
        "parameter_summary": {
          "mu_alpha": {
            "mean": 3.51438,
            "std": 0.0694393,
            "rhat": 1.00878,
            "ess_bulk": 644.485
          },
          "sigma_alpha": {
            "mean": 0.60268,
            "std": 0.0720078,
            "rhat": 1.01251,
            "ess_bulk": 513.945
          },
          "rho": {
            "mean": 0.469393,
            "std": 0.0782294,
            "rhat": 1.01216,